,term,frequency,overall,rank
1551,level fractional,1,98,3.9435280772129553
2874,tool need,2,98,3.863133428292391
2478,search sort,1,98,2.9284695111466608
2670,statistical learning,1,98,2.7404752330995
307,bme international,1,98,2.456246330180805
2666,statistical inference,1,98,2.1912689135786247
1713,medium sale,2,98,1.9798888810509052
681,datum transformation,1,98,1.940206370484485
2355,research technique,1,98,1.9075996102379906
2464,scientist speciﬁcally,1,98,1.848698505250771
