,term,frequency,overall,rank
76,datum analysis,3,15,0.8961608649099878
173,laboratory application,3,15,0.8557257579645087
277,research experimental,1,15,0.8039233437475533
12,analysis presentation,2,15,0.7343491151578956
21,application research,2,15,0.7343491151578956
90,design execution,2,15,0.7343491151578956
123,execution datum,2,15,0.7343491151578956
174,laboratory period,2,15,0.6085800482235022
251,project management,3,15,0.588043132161406
220,patient care,4,15,0.47607981543871647
