,term,frequency,overall,rank
365,social science,8,17,0.6852367589654765
417,topic data,4,17,0.5495018550765463
222,math satisfactory,2,17,0.5344599592143889
346,satisfactory score,3,17,0.5344599592143889
331,research method,4,17,0.4602946414953504
348,science research,4,17,0.4568245059769843
121,development topic,2,17,0.44415306946502336
380,string io,2,17,0.44415306946502336
203,io arrays,2,17,0.44415306946502336
221,math placement,3,17,0.44415306946502336
