,term,frequency,overall,rank
456,research statistical,2,70,2.26686821125539
50,artificial intelligence,10,70,1.8437184116179586
115,data collection,4,70,1.7402138484232725
241,gis programming,2,70,1.53377339292896
133,datum science,1,70,1.357700797786997
91,computer simulation,4,70,1.2830799897845018
120,data warehouses,4,70,1.1907455057154337
288,kinematic datum,1,70,1.1613006242261381
571,understand analysis,2,70,1.1257750969005778
63,broad introduction,4,70,1.1257750969005778
