,term,frequency,overall,rank
311,mining technique,1,25,0.8404038734218904
139,development environment,1,25,0.7523613240075046
167,environment tool,1,25,0.7523613240075046
480,simulation us,1,25,0.7523613240075046
133,develop competency,1,25,0.7523613240075046
62,case method,4,25,0.7523613240075046
307,mg mk,5,25,0.7523613240075046
74,concept datum,2,25,0.7523613240075046
516,structure subroutine,1,25,0.7523613240075046
29,analyze corporate,4,25,0.7523613240075046
