,term,frequency,overall,rank
103,electronic health,3,10,0.48666426339228763
140,human occupation,1,10,0.45749571099781405
78,data type,2,10,0.39929819126841104
136,health system,1,10,0.3244428422615251
288,style professional,1,10,0.3049971406652094
205,otas professional,1,10,0.29332692282817796
199,occupation across,1,10,0.2747211278973781
154,internship total,1,10,0.2609919745198612
65,conditional sp,1,10,0.2445385770822993
80,database interaction,1,10,0.2445385770822993
