,term,frequency,overall,rank
368,opportunity budget,1,17,0.6729973927213617
474,skill independently,1,17,0.6398024322379936
476,skill provide,1,17,0.5760453104972009
201,environmental science,1,17,0.5760453104972009
100,clinical simulation,4,17,0.5760453104972009
365,nursing program,1,17,0.5760453104972009
149,datum simple,1,17,0.559381808052304
158,design introduce,1,17,0.49950137306918385
199,ensure acquire,1,17,0.48333293833331326
106,com complete,1,17,0.4765498113294574
