,term,frequency,overall,rank
398,research project,2,15,0.5959711053390055
399,research proposal,2,15,0.5170786313945965
96,data analysis,3,15,0.5064344074890397
109,datum analysis,4,15,0.485239449564707
433,social sciences,2,15,0.41756194277301883
400,respondent operant,1,15,0.3746760278804624
413,sciences field,1,15,0.3746760278804624
434,sociology criminal,2,15,0.36654981057335634
5,algebra function,2,15,0.35277075566147975
16,analysis statistic,2,15,0.35277075566147975
