,term,frequency,overall,rank
176,research topic,3,8,0.6332684345778059
126,method behavioral,3,8,0.6332684345778059
177,resolution cost,2,8,0.6332684345778059
178,resolution decision,1,8,0.6332684345778059
63,emphasis technique,3,8,0.6332684345778059
187,sciences emphasis,3,8,0.6332684345778059
70,ethic research,3,8,0.6332684345778059
189,score permission,1,8,0.6332684345778059
56,development testing,3,8,0.6332684345778059
151,process launch,2,8,0.6332684345778059
