,term,frequency,overall,rank
27,artificial intelligence,4,16,0.6862006878053366
81,data analysis,4,16,0.5993314037744403
313,select topics,1,16,0.506804079334455
323,social ethical,1,16,0.4964490093146925
232,ns software,1,16,0.4951947778113043
130,ethical legal,1,16,0.4951947778113043
291,regression simulation,1,16,0.4951947778113043
299,research technique,1,16,0.4229241639462331
148,formal research,1,16,0.4082482904638631
346,statistical reasoning,1,16,0.347750082928785
