,term,frequency,overall,rank
11,academic career,97,97,3.1704620275852515
375,case care,1,97,3.160024802500138
3241,understanding scientific,1,97,3.160024802500138
508,component pair,1,97,3.1538213681391585
1701,lecturesanalytical simulation,1,97,3.1538213681391585
2597,research process,3,97,2.8141010162808824
509,component read,1,97,2.708119566909667
1714,lightmatter interaction,1,97,2.577343108716002
951,electronic design,2,97,2.55882541468621
1719,linear programming,2,97,2.3873385536502627
