,term,frequency,overall,rank
593,research question,1,31,1.1350513723019093
611,scale questionnaire,1,31,0.9299114277711606
532,program evaluation,4,31,0.9299114277711606
200,depth analysis,1,31,0.9299114277711606
367,laboratory activity,1,31,0.9299114277711606
313,hr process,1,31,0.9299114277711606
89,care setting,4,31,0.8322094157787157
140,conduct analyze,1,31,0.8322094157787157
642,social implication,1,31,0.8322094157787157
374,learn course,1,31,0.8322094157787157
