,term,frequency,overall,rank
1555,research methodology,1,49,1.4368755815244865
1558,research proposal,2,49,0.7337430912321499
1761,states consider,1,49,0.6860670505647404
758,free elective,1,49,0.6860670505647404
445,datum analysis,6,49,0.6749415923441372
434,data analysis,5,49,0.6205747055674815
701,fashion merchandising,1,49,0.6186724998111955
324,computer science,7,49,0.5851135756819633
1552,research issue,1,49,0.5842508220232518
1547,research direction,1,49,0.5786213806508176
