,term,frequency,overall,rank
275,research practice,1,17,0.9617249875423104
248,qualitative research,1,17,0.6457400931551173
277,research question,1,17,0.5203946436831763
344,tool interpret,1,17,0.4881925974411539
87,design implementation,1,17,0.4497901802904458
106,empirical reports,1,17,0.4442227581449135
76,datum write,1,17,0.43626342691845615
14,analysis research,2,17,0.40437821422077413
44,cognitive psychology,2,17,0.39992743887901755
184,method digital,1,17,0.3966482973256465
