,term,frequency,overall,rank
203,class site,1,27,1.0031262020000915
835,management analysis,1,27,0.9498831022599294
1186,restrictions class,7,27,0.9442965960660383
851,mathematical technique,1,27,0.8482077570830695
1275,software explore,1,27,0.7388829129924132
1145,represent take,1,27,0.7388829129924132
1225,sequence analysis,1,27,0.6694526868605952
926,need understanding,1,27,0.6694526868605952
1191,ri soci,7,27,0.635889664266071
836,management geological,1,27,0.5980122321388387
