,term,frequency,overall,rank
2461,research source,1,84,1.5523989595887113
626,data collection,3,84,1.3551172352746
974,enterprise exploration,1,84,1.0100722430190652
603,csci lecture,1,84,0.9670742269389441
2296,pursue degree,1,84,0.966168090933778
2103,powerperformance objective,1,84,0.7942220186065604
3131,variate multivariate,1,84,0.7732704015049302
487,computer vision,1,84,0.6907369161262258
382,central sculpt,1,84,0.6896359858560723
492,concentrate american,1,84,0.6896359858560723
