,term,frequency,overall,rank
162,problem solve,3,7,0.44022617105893597
98,health care,3,7,0.3692744729379984
111,introduce task,2,7,0.3108422586698689
113,key component,2,7,0.3108422586698689
144,organizational consulting,2,7,0.3108422586698689
29,competency assessment,2,7,0.3108422586698689
60,develop foundational,2,7,0.3108422586698689
32,component assist,2,7,0.3108422586698689
135,nonprofit organization,2,7,0.3108422586698689
36,conduct effective,2,7,0.3108422586698689
