,term,frequency,overall,rank
1496,stor math,3,94,4.239853197577196
623,graphical procedure,1,94,4.21333757810123
600,generation discrete,1,94,3.0812278973300864
1299,research topic,1,94,1.784918232777593
316,datum intensive,1,94,1.7124382762483032
1199,quantitative model,2,94,1.5111579645569955
421,ees gen,1,94,1.3943914407428686
1057,personal digital,2,94,1.3837718891796051
1483,statistical method,1,94,1.3719145513040583
294,data biomarker,1,94,1.315835380066411
