,term,frequency,overall,rank
545,psychology business,1,24,1.0448083690623902
575,research problem,1,24,0.810014347265201
196,design datum,5,24,0.6498353618847149
182,datum collection,5,24,0.6498353618847149
568,research finding,1,24,0.6491205851591184
591,role collaborative,1,24,0.5556144042058448
40,application research,3,24,0.5121543532486466
30,analysis report,3,24,0.5092009650187106
653,statistics data,1,24,0.49567036605082326
760,writing skill,1,24,0.4185546300277059
