,term,frequency,overall,rank
1146,equivalent knowledge,1,91,2.187748332319482
784,datum cartographic,1,91,1.3383585998088683
3215,statistic visualization,2,91,1.2045933704102272
1940,material construction,1,91,1.1184838540056414
1914,majors ba,1,91,0.9941945313590748
791,datum continue,2,91,0.9166138760566712
1005,econ solid,1,91,0.9110226430279555
2710,qr cholesky,1,91,0.847785549820371
752,data computation,4,91,0.8419453881136831
1148,equivalent programming,1,91,0.8224108034869264
