,term,frequency,overall,rank
7307,project selection,2,366,4.389285901053635
7814,research teaching,1,366,4.073813988482001
2001,data collection,8,366,3.134992549868799
2090,datum database,2,366,2.762965364476678
2083,datum capture,1,366,2.413802884933978
6318,optimization various,1,366,1.9910096580223324
6559,perspective topic,3,366,1.9729052126171727
4467,inherently exponential,1,366,1.8900969253171247
1130,case tool,1,366,1.8023167510457772
7040,procedure hsci,1,366,1.6929535671335998
