,term,frequency,overall,rank
1190,solve reviewprerequisite,1,45,1.0798610140867346
1090,research report,1,45,0.8868757510705221
324,datum awash,1,45,0.7930968306281012
325,datum collection,4,45,0.7364933341700506
1195,source data,2,45,0.7304179231247523
892,pedagogy gender,1,45,0.6936431430653976
974,procedure consider,2,45,0.6876220423801832
565,generation datum,2,45,0.6876220423801832
402,easily complex,1,45,0.6876220423801832
650,introduction differential,2,45,0.6876220423801832
