,term,frequency,overall,rank
450,enter ecosystem,1,29,1.063344758805622
681,limit energy,0,29,1.034932822439315
270,course introduce,9,29,0.7902601850970571
394,egr geo,1,29,0.6804451092272252
370,dynamic system,5,29,0.60545786669396
396,electric power,1,29,0.598312259155567
433,engineering design,4,29,0.5916666724168251
804,permission first,0,29,0.5832401468979791
614,individual member,1,29,0.5471965594394279
803,permission enrollment,0,29,0.5471965594394279
