,term,frequency,overall,rank
202,file processing,1,25,0.8893415703907868
618,treatment principle,1,25,0.8825151820065823
422,presentation finding,1,25,0.8024194865700234
346,mining tool,3,25,0.7757732078107273
432,process analyze,1,25,0.6888927231579252
536,social relationship,1,25,0.6888927231579252
433,process design,1,25,0.6888927231579252
146,develop project,1,25,0.6888927231579252
67,case method,4,25,0.6888927231579252
68,change development,4,25,0.6888927231579252
