,term,frequency,overall,rank
1200,equivalent knowledge,1,91,2.0813117716226475
3677,theorem matrix,1,91,1.596566993971549
829,datum big,2,91,1.5733395025221717
3669,text encoding,1,91,1.5104791179868466
524,cmsc least,1,91,1.4187261895907421
4040,work idea,1,91,1.4067543317622722
664,consequence public,2,91,1.3749080273686358
307,autumn term,3,91,1.3077650355496218
2744,prerequisite none,2,91,1.2418631640846747
3674,theorem green,1,91,1.216037523271774
