,term,frequency,overall,rank
111,electronic health,3,10,0.47599470189496895
148,human occupation,1,10,0.448598135503827
144,health system,1,10,0.31732980126331267
310,subform create,1,10,0.299065423669218
233,prerequisitepy aat,1,10,0.2980857315673193
219,page report,1,10,0.2856727564004127
213,occupational performance,1,10,0.2603778219616478
168,internship total,1,10,0.2525327905676546
232,prerequisite require,1,10,0.2508606660049668
211,observation analysis,2,10,0.23570226039551584
