,term,frequency,overall,rank
421,research proposal,1,13,0.514981259581585
473,sql revisit,1,13,0.48030313271561587
399,qualitative result,1,13,0.4455903950057029
142,depth topic,1,13,0.326666063953896
347,personal productivity,1,13,0.326666063953896
274,learn include,1,13,0.3115154467553516
282,mainly area,1,13,0.3015113445777637
381,project creditsprerequisite,1,13,0.3015113445777637
462,socialbehavioral lai,1,13,0.2946634213494138
81,child emotional,2,13,0.2761958676888326
