,term,frequency,overall,rank
601,environmental science,1,56,1.4769335330892681
395,datum analyze,1,56,1.3654662177433594
1294,phy mth,2,56,1.2704002370703396
1574,resource engineering,1,56,1.1878123885330019
1251,overall field,1,56,0.9365841692736616
1848,team weekly,1,56,0.843298839492031
1475,qualitative research,4,56,0.8405743596290615
1926,transistor amplifier,1,56,0.8228967557346618
397,datum construct,2,56,0.7959706694233971
1850,technique analyze,5,56,0.7375619424946438
