,term,frequency,overall,rank
218,environmental science,1,17,1.0173913033051607
412,opportunity budget,1,17,0.5805119334019487
450,prevention variety,1,17,0.5741029661930539
533,skill data,1,17,0.5635900315501637
408,nursing process,2,17,0.5086956516525803
536,skill provide,1,17,0.5086956516525803
409,nursing program,1,17,0.5086956516525803
401,nur lab,0,17,0.5086956516525803
494,research proposal,1,17,0.5086956516525803
109,clinical simulation,4,17,0.5086956516525803
