,term,frequency,overall,rank
124,datum begin,1,16,0.5278372790211734
437,research quantitative,1,16,0.521206136364226
365,prerequisite swk,1,16,0.4126456147178185
115,curricular programming,1,16,0.4126456147178185
65,cloud prerequisite,1,16,0.4126456147178185
392,proposal defense,1,16,0.40541125040660936
69,collection collect,1,16,0.3824936577112103
475,sort form,1,16,0.37863578984430674
408,quantitative skill,1,16,0.36859951906295496
502,support healthcare,1,16,0.3412333824801019
