,term,frequency,overall,rank
229,datum security,1,36,1.2198478373234833
706,project proposal,1,36,1.1945766831434121
104,business analytic,4,36,1.0260965978574306
766,research project,3,36,0.9155484105848695
952,traffic impact,1,36,0.8033447733328684
47,analytic major,1,36,0.7721019520972486
115,characteristic buyer,1,36,0.6437525680943302
758,requirement may,0,36,0.6403118206649472
222,datum modeling,1,36,0.6287253248191009
111,ce least,1,36,0.6250110520011859
