,term,frequency,overall,rank
1319,role optimization,1,27,1.3969761997732624
1029,normal model,1,27,0.9419398552869314
216,classical quantum,1,27,0.9376679625182927
112,area inquiry,27,27,0.9376679625182927
297,corequisite geog,1,27,0.9363574124348877
1028,nontrivial application,1,27,0.9197505897412215
122,arts core,17,27,0.8946383537181785
890,live mass,1,27,0.8946383537181785
301,cosc biol,1,27,0.8905732738019897
1033,numerical information,1,27,0.8905732738019897
