,term,frequency,overall,rank
9,academic career,87,87,2.8296531486029517
1913,mode incident,1,87,2.8296531486029517
367,carry aspect,1,87,2.8192619229098383
3114,understanding gene,1,87,2.8192619229098383
1670,lecturescover genetic,1,87,2.805946303867323
492,component pair,1,87,2.805946303867323
2512,research process,2,87,2.505973509674864
493,component satisfactoryno,2,87,2.500267289910761
1681,lifecycle database,1,87,2.3722191264767254
920,electronic design,2,87,2.1671515828187693
