,term,frequency,overall,rank
56,design prerequisite,3,8,0.5834033512304109
17,behavioral science,3,8,0.5834033512304109
57,development testing,3,8,0.5834033512304109
187,research topic,3,8,0.5834033512304109
188,resolution cost,2,8,0.5834033512304109
189,resolution decision,1,8,0.5834033512304109
71,ethic research,3,8,0.5834033512304109
198,science emphasis,3,8,0.5834033512304109
161,process launch,2,8,0.5834033512304109
200,score permission,1,8,0.5834033512304109
