,term,frequency,overall,rank
598,psychology learn,1,24,0.7900673706853655
631,research project,1,24,0.7837157894587963
594,psyc maximum,2,24,0.7514997863917386
624,research instrument,1,24,0.6246975191590547
192,datum communicate,1,24,0.6186589785681039
210,design experimental,1,24,0.6186589785681039
770,toward apply,1,24,0.5233882623295499
647,root find,1,24,0.5150687726690975
191,datum collection,5,24,0.49670475221753396
31,analysis report,3,24,0.4943144784444363
