,term,frequency,overall,rank
1724,research method,22,49,1.348212355133375
2126,topic material,1,49,1.1037622119787998
468,datum analysis,8,49,0.8477200249589626
1412,permission instructor,10,49,0.7968440894068599
1727,research project,7,49,0.6638927405020553
1934,states consider,1,49,0.6533043848578
787,framingham state,7,49,0.6533043848578
1488,prerequisite math,5,49,0.599798480669228
729,fashion industry,5,49,0.58721020104035
1483,prerequisite fash,5,49,0.5799567479481886
