,term,frequency,overall,rank
76,datum analysis,3,15,0.7970268498724993
297,research experimental,1,15,0.7218383468428471
368,throughout semester,1,15,0.6589212780925706
226,one threehour,3,15,0.6589212780925706
90,design execution,2,15,0.6456184166272678
123,execution datum,2,15,0.6456184166272678
64,cover application,2,15,0.6456184166272678
182,laboratory cover,2,15,0.6456184166272678
12,analysis presentation,2,15,0.6456184166272678
21,application research,2,15,0.6456184166272678
