,term,frequency,overall,rank
1831,research skill,1,58,1.168723187464333
714,enterprise new,1,58,1.0405774461847168
497,datum arrange,1,58,0.9203923397840292
2218,translation physically,1,58,0.8912765656848489
483,data collection,3,58,0.8851349068652395
1696,publish epidemiological,1,58,0.8746855279753442
1557,pp concentrator,1,58,0.7520796560116051
502,datum entry,1,58,0.6908310898820039
604,digital image,1,58,0.6105800277156352
1842,result communication,1,58,0.6068709775113518
