,term,frequency,overall,rank
640,consent sesp,2,43,1.3026020671519798
2893,prerequisite le,2,43,1.1146779921813608
2291,mean value,1,43,1.0378875482974896
2887,prerequisite gen,2,43,1.0355812254397125
2909,prerequisite summer,1,43,0.8934767645223538
594,computer simulation,2,43,0.7982411287316564
2514,native american,3,43,0.6232654213508758
3930,taylor formula,0,43,0.6232654213508758
784,datum clearly,1,43,0.5489429846009547
212,aspect acquisition,1,43,0.5356882891733538
