,term,frequency,overall,rank
1584,stochastic system,1,94,4.080520455422315
638,graph sort,1,94,4.056136334524867
1373,research advanced,1,94,3.2946606958755575
615,generate result,1,94,2.9623271531575766
1134,perspective individual,1,94,2.059824881269641
327,datum concept,1,94,1.7308212507149874
1387,research question,2,94,1.6868750819275566
1297,quality datum,1,94,1.4598548914915483
941,meaning word,1,94,1.4471889228050174
437,ee mentored,2,94,1.3430043092496509
