,term,frequency,overall,rank
174,problem solve,3,7,0.42475717667058754
101,health care,3,7,0.3585685828003183
47,create implement,2,7,0.30359446266409695
41,consulting develop,2,7,0.30359446266409695
188,relationship dimension,2,7,0.30359446266409695
185,relate conduct,2,7,0.30359446266409695
31,competency area,2,7,0.30359446266409695
34,component assist,2,7,0.30359446266409695
70,dimension organizational,2,7,0.30359446266409695
127,learn key,2,7,0.30359446266409695
