,term,frequency,overall,rank
2016,operation research,4,98,3.7994817400649805
3336,within exist,1,98,3.7994817400649805
3055,tool market,1,98,3.681344623003239
1605,level fractional,1,98,3.628162722986318
1787,meaningful impactful,1,98,3.358684097817124
2632,search automatic,1,98,2.8071304176632585
2858,statistical interpolation,1,98,2.6252517354014513
2690,series exponential,1,98,2.574350035410774
298,biomedical system,1,98,2.401261159321589
2853,statistical decision,1,98,2.2670381965554762
