,term,frequency,overall,rank
659,research report,2,31,1.0786053387102286
640,relevant topic,1,31,0.827092884607747
595,program use,1,31,0.827092884607747
501,nutrition weight,1,31,0.827092884607747
398,laboratory activity,1,31,0.827092884607747
326,historical genre,1,31,0.827092884607747
566,present datum,1,31,0.827092884607747
214,depth analysis,1,31,0.827092884607747
202,datum mining,1,31,0.7451776638179219
710,social implication,1,31,0.7436828443826082
