,term,frequency,overall,rank
239,cultural process,1,38,2.5250917478280175
1054,transcendental topic,1,38,1.2814161354224127
946,sophomore either,1,38,0.9868982999798501
877,research science,3,38,0.819715556390956
257,datum collection,5,38,0.7278683569011539
788,procedure consider,2,38,0.6782429864363931
258,datum consequently,1,38,0.6651464678021966
513,introduction nite,2,38,0.6028050161359353
348,el lab,1,38,0.6028050161359353
707,parental care,1,38,0.6028050161359353
